{"count":1,"self":46.78456,"total":46.914769199999995,"children":{"InitializeActuators":{"count":1,"self":0.002031,"total":0.002031,"children":null},"InitializeSensors":{"count":1,"self":0.00053429999999999992,"total":0.00053429999999999992,"children":null},"AgentSendState":{"count":2131,"self":0.043488599999999995,"total":0.058808299999999994,"children":{"CollectObservations":{"count":2131,"self":0.0051963999999999995,"total":0.0051963999999999995,"children":null},"WriteActionMask":{"count":2131,"self":0.0040693,"total":0.0040693,"children":null},"RequestDecision":{"count":2131,"self":0.0060539999999999995,"total":0.0060539999999999995,"children":null}}},"DecideAction":{"count":2131,"self":0.061300099999999996,"total":0.061300099999999996,"children":null},"AgentAct":{"count":2131,"self":0.0065327,"total":0.0065327,"children":null}},"gauges":{"DungeonPlayer.CumulativeReward":{"count":19,"max":0.570000768,"min":-0.9699994,"runningAverage":0.173158482,"value":0.5600008,"weightedAverage":0.459140271}},"metadata":{"timer_format_version":"0.1.0","start_time_seconds":"1771601212","unity_version":"6000.3.9f1","command_line_arguments":"C:\\Program Files\\Unity\\Hub\\Editor\\6000.3.9f1\\Editor\\Unity.exe -projectpath C:\\Users\\User\\Documents\\Code\\ML-Dungeon -acceptSoftwareTermsForThisRunOnly -useHub -hubIPC -cloudEnvironment production","communication_protocol_version":"1.5.0","com.unity.ml-agents_version":"4.0.2","scene_name":"Main","end_time_seconds":"1771601259"}}