{"count":1,"self":20.1930224,"total":1210.4361569,"children":{"InitializeActuators":{"count":16,"self":0.0015092999999999999,"total":0.0015092999999999999,"children":null},"InitializeSensors":{"count":16,"self":0.0025046,"total":0.0025046,"children":null},"AgentSendState":{"count":13317,"self":1.7493324,"total":20.389192599999998,"children":{"CollectObservations":{"count":213072,"self":2.3302823999999998,"total":2.3302823999999998,"children":null},"WriteActionMask":{"count":213072,"self":0.43027279999999996,"total":0.43027279999999996,"children":null},"RequestDecision":{"count":213072,"self":1.7268172,"total":15.8793051,"children":{"AgentInfo.ToProto":{"count":213072,"self":1.3714420999999999,"total":14.152487899999999,"children":{"GenerateSensorData":{"count":213072,"self":12.781045599999999,"total":12.7810458,"children":null}}}}}}},"DecideAction":{"count":13317,"self":1169.5119359999999,"total":1169.5119691999998,"children":null},"AgentAct":{"count":13317,"self":0.308695,"total":0.308695,"children":null},"AgentInfo.ToProto":{"count":219,"self":0.0025074999999999997,"total":0.025241399999999997,"children":{"GenerateSensorData":{"count":219,"self":0.022733899999999998,"total":0.022733899999999998,"children":null}}}},"gauges":{"DungeonPlayer.CumulativeReward":{"count":219,"max":1.75199342,"min":-10.3661642,"runningAverage":-2.41770864,"value":-2.48601341,"weightedAverage":-2.75485682}},"metadata":{"timer_format_version":"0.1.0","start_time_seconds":"1771701781","unity_version":"6000.3.9f1","command_line_arguments":"C:\\Program Files\\Unity\\Hub\\Editor\\6000.3.9f1\\Editor\\Unity.exe -projectpath C:\\Users\\User\\Documents\\Code\\ML-Dungeon -acceptSoftwareTermsForThisRunOnly -useHub -hubIPC -cloudEnvironment production","communication_protocol_version":"1.5.0","com.unity.ml-agents_version":"4.0.2","scene_name":"Training","end_time_seconds":"1771702992"}}